# Region,Date (UTC),Time (UTC),Location/Local Name,Magnitude,Depth,Latitude,,Longitude,,,USGS Earthquake Catalog Link
,,,,(MW),(km),(º),N/S,(º),E/W,,
California,6/28/1992,11:57:34,"Landers, Southern California",7.3,0.1,34.2,N,116.437,W,,https://earthquake.usgs.gov/earthquakes/eventpage/ci3031111/executive
California,1/17/1994,12:30:55,"Northridge, Southern California",6.7,18.2,34.213,N,118.537,W,,https://earthquake.usgs.gov/earthquakes/eventpage/ci3144585/executive
Japan,10/4/1994,13:22:55,"Kuril Islands, Japan",8.3,14,43.773,N,147.321,E,,https://earthquake.usgs.gov/earthquakes/eventpage/usp0006kdp/executive
Alaska,6/10/1996,4:03:35,"Adak, Aleutians, Alaska",7.9,33,51.564,N,177.632,W,,https://earthquake.usgs.gov/earthquakes/eventpage/usp0007jcu/executive
South America,8/5/1998,18:59:20,"Bahía de Caráquez, Ecuador",7.2,33,0.593,S,80.393,W,,https://earthquake.usgs.gov/earthquakes/eventpage/usp0008ssb/executive
Turkey,8/17/1999,0:02:00,Izmit (North Anatolia),7.6,17,40.748,N,29.864,E,,https://earthquake.usgs.gov/earthquakes/eventpage/usp0009d4z/executive
California,10/16/1999,9:46:44,"Hector Mine, Southern California",7.1,13.7,34.603,N,116.265,W,,https://earthquake.usgs.gov/earthquakes/eventpage/ci9108652/executive
Turkey,11/12/1999,16:57:19,Düzce (North Anatolia),7.2,10,40.758,N,31.161,E,,https://earthquake.usgs.gov/earthquakes/eventpage/usp0009hev/executive
South America,5/12/2000,18:43:18,"San Antonio de los Colbres, Argentina ",7.2,225,23.548,S,66.452,W,,https://earthquake.usgs.gov/earthquakes/eventpage/usp0009suu/executive
Iceland,6/17/2000,15:40:41,"Iceland doublet, East of Selfoss",6.5,10,63.966,N,20.487,W,,https://earthquake.usgs.gov/earthquakes/eventpage/usp0009urh/executive
Iceland,6/21/2000,0:51:46,"Iceland doublet, ENE of Selfoss",6.5,10,63.98,N,20.758,W,,https://earthquake.usgs.gov/earthquakes/eventpage/usp0009ux8/executive
Alaska,7/11/2000,1:32:28,24 km SSW of Larsen Bay,6.5,42.9,57.355,N,154.198,W,,https://earthquake.usgs.gov/earthquakes/eventpage/ak0008v7ic1n/executive
Alaska,1/10/2001,16:02:42,47 km S of Old Harbor,6.9,36.4,56.774,N,153.281,W,,https://earthquake.usgs.gov/earthquakes/eventpage/ak001gswxc7/executive
Central America,1/13/2001,17:33:32,Offshore El Salvador,7.7,60,13.049,N,88.66,W,,https://earthquake.usgs.gov/earthquakes/eventpage/usp000a7m5/executive
Central America,2/13/2001,14:22:05,El Salvador ,6.6,10,13.671,N,88.938,W,,https://earthquake.usgs.gov/earthquakes/eventpage/usp000a9jv/executive
Cascadia,2/28/2001,18:54:32,"Nisqually Fault, Seattle",6.8,51.8,47.149,N,122.727,W,,https://earthquake.usgs.gov/earthquakes/eventpage/uw10530748/executive
South America,6/23/2001,20:33:14,Southern Peru,8.4,33,16.265,S,73.641,W,,https://earthquake.usgs.gov/earthquakes/eventpage/official20010623203314130_33/executive
South America,7/5/2001,13:53:48,"31km S. Achanzio, Peru",6.6,62,16.086,S,73.987,W,,https://earthquake.usgs.gov/earthquakes/eventpage/usp000aj1a/executive
South America,8/7/2001,8:39:53,Southern Peru ,5.2,33,17.102,S,72.246,W,,https://earthquake.usgs.gov/earthquakes/eventpage/usp000akza/executive
South Pacific,10/12/2001,15:02:16,Guam,7,37,12.686,N,144.98,E,,https://earthquake.usgs.gov/earthquakes/eventpage/usp000aqsu/executive
New Zealand,12/7/2001,19:27:34,"Haast, West Coast",5.8,10,44.216,S,168.819,E,,https://earthquake.usgs.gov/earthquakes/eventpage/usp000au6b/executive
South Pacific,4/26/2002,16:06:07,Mariana Islands - Guam,7.1,85.7,13.088,N,144.619,E,,https://earthquake.usgs.gov/earthquakes/eventpage/usp000b37m/executive
Alaska,11/3/2002,22:12:41,"Denali, Alaska",7.9,4.2,63.514,N,147.453,W,,https://earthquake.usgs.gov/earthquakes/eventpage/ak002e435qpj/executive
Alaska,1/16/2003,0:19:15,Alaska ,5.2,10,56.834,N,152.897,W,,https://earthquake.usgs.gov/earthquakes/eventpage/ak003qgpno2/executive
Mexico,1/22/2003,2:06:34,Colima,7.6,24,18.77,N,104.104,W,,https://earthquake.usgs.gov/earthquakes/eventpage/usp000bnyr/executive
Japan,5/26/2003,9:24:33,Japan (MIZU),7,68,38.849,N,141.568,E,,https://earthquake.usgs.gov/earthquakes/eventpage/usp000by66/executive
Japan,9/25/2003,19:50:06,Tokachi-oki (2003 Hokkaidō),8.2,27,41.815,N,143.91,E,,https://earthquake.usgs.gov/earthquakes/eventpage/official20030925195006360_27/executive
Alaska,11/17/2003,6:43:06,"Rat Islands, Aleutian Islands",7.8,33,51.146,N,178.65,E,ac66,"M 7.8 - Rat Islands, Aleutian Islands, Alaska (usgs.gov)"
California,12/22/2003,19:15:56,"Cambria, San Simeon, Central California",6.5,8.4,35.701,N,121.101,W,,https://earthquake.usgs.gov/earthquakes/eventpage/nc21323712/executive
Cascadia,7/19/2004,8:01:49,Off Vancouver Island,6.4,23.7,49.623,N,126.967,W,,https://earthquake.usgs.gov/earthquakes/eventpage/usp000d0fx/executive
Japan,9/4/2004,14:57:18,M 7.4 - 118 km ESE of Shing?,7.4,10,33.184,N,137.07,W,"g113,g114","M 7.4 - 118 km ESE of Shing?, Japan (usgs.gov)"
California,9/28/2004,17:15:24,"Parkfield, Central California",6,8.1,35.818,N,120.366,W,,https://earthquake.usgs.gov/earthquakes/eventpage/nc30228270/executive
Central America,10/9/2004,21:26:53,Nicaragua 2004,7,35,11.422,N,86.665,W,,https://earthquake.usgs.gov/earthquakes/eventpage/usp000d63h/executive
Japan,10/23/2004,1:13:22,M 6.6 - 8 km SSW of Ojiya,6.6,12,37.535,N,138.446,E,,"M 6.6 - 20 km NNW of Kashiwazaki, Japan (usgs.gov)"
Japan,11/28/2004,18:32:14,"M 7.0 - 51 km SW of Nemuro, Japan",7,39,43.006,N,145.119,E,"g202,g203","M 7.0 - 51 km SW of Nemuro, Japan (usgs.gov)"
New Zealand,12/23/2004,14:59:04,North of Macquarie Island,8.1,10,49.312,S,161.345,E,,https://earthquake.usgs.gov/earthquakes/eventpage/usp000db93/executive
Sumatra,12/26/2004,0:58:53,Sumatra-Andaman,9.1,30,3.295,N,95.982,E,,https://earthquake.usgs.gov/earthquakes/eventpage/official20041226005853450_30/executive
Japan,3/20/2005,1:53:41,M 6.6 - 28 km NNW of Maebaru-ch??,6.6,10,33.807,N,130.131,E,g121,"M 6.6 - 28 km NNW of Maebaru-ch??, Japan (usgs.gov)"
Sumatra,3/28/2005,16:09:36,Nias,8.6,30,2.085,N,97.108,E,,https://earthquake.usgs.gov/earthquakes/eventpage/official20050328160936530_30/executive
Sumatra,4/10/2005,10:29:11,Off SE Sibarut,6.7,19,1.644,S,99.607,E,,https://earthquake.usgs.gov/earthquakes/eventpage/usp000dmtx/executive
Sumatra,4/10/2005,11:14:19,Off SE Sibarut,6.5,30,1.714,S,99.779,E,,https://earthquake.usgs.gov/earthquakes/eventpage/usp000dmu9/executive
South America,6/13/2005,22:44:33,"Tarapaca, Chile ",7.8,115.6,19.987,S,69.197,W,,https://earthquake.usgs.gov/earthquakes/eventpage/usp000dsw1/executive
California,6/15/2005,2:50:54,"Gorda Plate, CA",7.2,16,41.292,N,125.953,W,,https://earthquake.usgs.gov/earthquakes/eventpage/usp000dt25/executive
Japan,8/16/2005,2:46:28,Miyagi,7.2,36,38.276,N,142.039,E,,https://earthquake.usgs.gov/earthquakes/eventpage/usp000dxe2/executive
California,9/2/2005,1:27:19,"Obsidian Butte Swarm, Salton Trough",5.1,1.2,33.153,N,115.646,W,,https://earthquake.usgs.gov/earthquakes/eventpage/ci14179736/executive
South America,9/26/2005,1:55:37,2005 northern Peru ,7.5,115,5.678,S,76.398,W,,https://earthquake.usgs.gov/earthquakes/eventpage/usp000e09h/executive
Kamchatka/Siberia,4/20/2006,23:25:02,Kamchatka,7.6,22.4,60.91,N,167.12,E,,https://earthquake.usgs.gov/earthquakes/eventpage/usp000ef1h/executive
South Pacific,5/3/2006,15:26:40,2006 Tonga earthquake,8,55,20.187,S,174.123,W,,https://earthquake.usgs.gov/earthquakes/eventpage/usp000eg5g/executive
South America,4/30/2006,21:40:58,Chile,6.5,12,27.211,S,71.056,W,,https://earthquake.usgs.gov/earthquakes/eventpage/usp000efw2/executive
Hawaii,10/15/2006,17:07:49,"Puako, NW Hawaii ",6.7,38.2,19.877,N,155.935,W,,https://earthquake.usgs.gov/earthquakes/eventpage/hv5532127/executive
Japan,11/15/2006,11:14:13,Kuril Islands,8.3,10,46.592,N,153.266,E,,https://earthquake.usgs.gov/earthquakes/eventpage/usp000exfn/executive
Japan,1/13/2007,4:23:21,East of the Kuril Islands,8.1,10,46.243,N,154.524,E,,https://earthquake.usgs.gov/earthquakes/eventpage/usp000f2ab/executive
Sumatra,3/6/2007,3:49:38,Northern end of Lake Singkarak,6.4,19,0.493,S,100.498,E,,https://earthquake.usgs.gov/earthquakes/eventpage/usp000f65w/executive
Japan,3/25/2007,0:41:57,M 6.7 - 46 km NW of Nanao,6.7,8,37.336,N,136.588,E,,"M 6.7 - 46 km NW of Nanao, Japan (usgs.gov)"
South Pacific,4/1/2007,20:39:58,Solomon Islands,8.1,24,8.466,S,157.043,E,,https://earthquake.usgs.gov/earthquakes/eventpage/usp000f83m/executive
Japan,7/16/2007,1:13:22,M 6.6 - 20 km NNW of Kashiwazaki,6.6,12,37.535,N,138.446,E,,"M 6.6 - 20 km NNW of Kashiwazaki, Japan (usgs.gov)"
Alaska,8/2/2007,3:21:42,"239 km WSW of Adak, Aleutians (ac66)",6.7,21,51.307,N,179.971,W,,https://earthquake.usgs.gov/earthquakes/eventpage/usp000fhn5/executive
Sumatra,9/12/2007,11:10:26,south of Padang,8.4,34,4.438,S,101.367,E,,https://earthquake.usgs.gov/earthquakes/eventpage/official20070912111026830_34/executive
Sumatra,9/12/2007,23:49:03,south of Padang,7.9,35,2.625,S,100.841,E,,https://earthquake.usgs.gov/earthquakes/eventpage/usp000fn2b/executive
Sumatra,9/13/2007,2:30:03,south of Padang,6.5,28.9,1.689,S,99.668,E,,https://earthquake.usgs.gov/earthquakes/eventpage/usp000fn34/executive
Sumatra,9/13/2007,3:35:28,south of Padang,7,22,2.13,S,99.627,E,,https://earthquake.usgs.gov/earthquakes/eventpage/usp000fn3d/executive
New Zealand,10/15/2007,12:29:34,70 km north of Te Anau,6.8,18,44.796,S,167.553,E,,https://earthquake.usgs.gov/earthquakes/eventpage/usp000fqks/executive
New Zealand,10/15/2007,21:28:23,72 km NNW of Te Anau,6.1,19,44.793,S,167.458,E,,https://earthquake.usgs.gov/earthquakes/eventpage/usp000fqmj/executive
California,10/31/2007,3:04:54,"Alum Rock, San Jose, California",5.5,9.7,37.434,N,121.774,W,,https://earthquake.usgs.gov/earthquakes/eventpage/nc40204628/executive
Papua New Guinea,11/22/2007,8:48:27,Eastern Papua New Guinea,6.8,53,5.757,S,147.098,E,,https://earthquake.usgs.gov/earthquakes/eventpage/usp000ft2k/executive
Alaska,12/19/2007,9:30:27,"207 km WSW of Adak, Aleutians (ac66)",7.2,34,51.36,N,179.509,W,,https://earthquake.usgs.gov/earthquakes/eventpage/usp000fuse/executive
Sumatra,2/20/2008,8:08:30,Simeulue,7.4,26,2.768,N,95.964,E,,https://earthquake.usgs.gov/earthquakes/eventpage/usp000fzau/executive
South Pacific,4/9/2008,12:46:12,"New Caledonia (LPIL,NRMD)",7.3,33,20.071,S,168.892,E,,https://earthquake.usgs.gov/earthquakes/eventpage/usp000g3eq/executive
China,5/12/2008,6:28:01,Sichuan,7.9,19,31.021,N,103.367,E,,https://earthquake.usgs.gov/earthquakes/eventpage/usp000g650/executive
Japan,6/13/2008,23:43:45,Iwate-Miyagi Nairiku,6.9,7.8,39.03,N,140.881,E,,https://earthquake.usgs.gov/earthquakes/eventpage/usp000g9h6/executive
Japan,7/19/2008,2:39:28,M 7.0 - 107 km E of Namie,7,22,37.552,N,142.214,E,g106,"M 7.0 - 107 km E of Namie, Japan (usgs.gov)"
Tibet,10/6/2008,8:30:45,"39 km WSW of Deqen, China (LHAZ)",6.3,12,29.807,N,90.35,E,,https://earthquake.usgs.gov/earthquakes/eventpage/usp000gjgt/executive
Costa Rica,1/8/2009,19:21:35,10 km NNE of Sabanilla,6.1,14,10.165,N,84.197,W,ovsi,"M 6.1 - 10 km NNE of Sabanilla, Costa Rica (usgs.gov)"
South Pacific,3/19/2009,18:17:40,Tonga (TONG),7.6,31,23.043,S,174.66,W,,https://earthquake.usgs.gov/earthquakes/eventpage/usp000gv5p/executive
Mediterranean,4/6/2009,1:32:39,"2009 L'Aquila earthquake, Italy",6.3,8.8,42.334,N,13.334,E,,https://earthquake.usgs.gov/earthquakes/eventpage/usp000gvtu/executive
Caribbean,5/28/2009,8:24:46,"46 km NW of Guanaja, Honduras",7.3,19,16.731,N,86.217,W,roa0,"M 7.3 - 46 km NW of Guanaja, Honduras (usgs.gov)"
South Pacific,6/2/2009,2:17:03,"38 km W of Port-Vila, Vanuatu (VANU)",6.3,15,17.757,S,167.949,E,,https://earthquake.usgs.gov/earthquakes/eventpage/usp000gxsf/executive
New Zealand,7/15/2009,9:22:29,"2009 Fiordland earthquake Dusky Sound, Southland",7.8,12,45.762,S,166.562,E,,https://earthquake.usgs.gov/earthquakes/eventpage/usp000gz8j/executive
Japan,8/10/2009,20:07:09,M 6.2 - 8 km NE of Sagara,6.2,40.4,34.743,N,138.264,E,g115,"M 6.2 - 8 km NE of Sagara, Japan (usgs.gov)"
Sumatra,8/16/2009,7:38:21,Siberut,6.7,20,1.479,S,99.49,E,,https://earthquake.usgs.gov/earthquakes/eventpage/usp000h0ew/executive
South Pacific,9/29/2009,17:48:10,"SSW of Matavai, Samoa",8.1,18,15.489,S,172.095,E,,https://earthquake.usgs.gov/earthquakes/eventpage/usp000h1ys/executive
Sumatra,9/30/2009,10:16:09,southwest Pakenbaru,7.6,81,0.72,S,99.867,E,,https://earthquake.usgs.gov/earthquakes/eventpage/usp000h237/executive
Sumatra,10/1/2009,1:52:27,Sumatra  (SE of Padang),6.6,9,2.482,S,101.524,E,,https://earthquake.usgs.gov/earthquakes/eventpage/usp000h24c/executive
California,1/10/2010,0:27:39,"Eureka, Offshore Northern California",6.5,28.7,40.652,N,124.693,W,,https://earthquake.usgs.gov/earthquakes/eventpage/nc71338066/executive
South America,2/27/2010,6:34:11,"Maule earthquake, Chile",8.8,22.9,36.122,S,72.898,W,,https://earthquake.usgs.gov/earthquakes/eventpage/official20100227063411530_30/executive
California,4/4/2010,22:40:42,"El Mayor-Cucapah, Northern Baja California",7.2,10,32.286,N,115.295,W,,https://earthquake.usgs.gov/earthquakes/eventpage/ci14607652/executive
Sumatra,4/6/2010,22:15:01,"Sumatra, near Banyak islands",7.8,31,2.383,N,97.048,E,,https://earthquake.usgs.gov/earthquakes/eventpage/usp000hat0/executive
Sumatra,5/9/2010,5:59:41,northern Sumatra,7.2,38,3.748,N,96.018,E,,https://earthquake.usgs.gov/earthquakes/eventpage/usp000hchk/executive
California,6/15/2010,4:26:58,"Aftershock, El Mayor-Cucapah",5.7,8.8,32.705,N,115.911,W,,https://earthquake.usgs.gov/earthquakes/eventpage/ci14745580/executive
California,7/7/2010,23:53:33,"Borrego Springs, Southern California",5.4,12.3,33.417,N,116.475,W,,https://earthquake.usgs.gov/earthquakes/eventpage/ci10736069/executive
South Pacific,8/10/2010,5:23:44,Vanuatu,7.3,25,17.541,S,168.069,E,,https://earthquake.usgs.gov/earthquakes/eventpage/usp000hhuc/executive
New Zealand,9/3/2010,16:35:47,"2010 Canterbury Earthquake, Darfield",7,12,43.522,S,171.83,E,,https://earthquake.usgs.gov/earthquakes/eventpage/usp000hk46/executive
Sumatra,10/25/2010,14:42:22,South Mentawai islands,7.8,20.1,3.487,S,100.082,E,,https://earthquake.usgs.gov/earthquakes/eventpage/usp000hnj4/executive
Japan,12/21/2010,17:19:40,"Bonin Islands, Japan",7.4,14,26.901,N,143.698,E,,https://earthquake.usgs.gov/earthquakes/eventpage/usp000hr97/executive
South America,1/2/2011,20:20:17,"Aracunia, Chile",7.2,24,38.355,S,73.326,W,,https://earthquake.usgs.gov/earthquakes/eventpage/usp000hsfq/executive
New Caledonia,1/13/2011,16:16:41,118 km NNE of Tadine,7,9,20.628,S,168.471,E,,https://earthquake.usgs.gov/earthquakes/eventpage/usp000ht15/executive
South America,2/11/2011,20:05:30,"Offshore Biobío, Chile",6.9,26,36.422,S,72.96,W,,https://earthquake.usgs.gov/earthquakes/eventpage/usp000huc2/executive
New Zealand,2/21/2011,23:51:42,"February 2011 Christchurch earthquake, Canterbury",6.1,5.9,43.583,S,172.68,E,,https://earthquake.usgs.gov/earthquakes/eventpage/usp000huvq/executive
Hawaii,3/6/2011,,"Kamoamoa fissure eruption, Kīlauea Volcano",,,,,,,,No USGS event for this (Volcanic Event)
Japan,3/11/2011,5:46:24,Tokoku-oki (Tōhoku),9.1,29,38.297,N,142.373,E,,https://earthquake.usgs.gov/earthquakes/eventpage/official20110311054624120_30/executive
Japan,3/11/2011,6:08:29,Tohoku aftershock,6.7,2.8,38.969,N,143.37,E,,https://earthquake.usgs.gov/earthquakes/eventpage/usp000hvp5/executive
Japan,3/11/2011,6:15:40,Tohoku aftershock,7.9,43,36.281,N,141.111,E,,https://earthquake.usgs.gov/earthquakes/eventpage/usp000hvpa/executive
Japan,3/11/2011,6:25:50,Tohoku aftershock,7.7,18.6,38.058,N,144.59,E,,https://earthquake.usgs.gov/earthquakes/eventpage/usp000hvpg/executive
New Zealand,6/13/2011,2:20:49,"June 2011 Christchurch earthquake, Canterbury",5.9,6.1,43.564,S,172.743,E,,https://earthquake.usgs.gov/earthquakes/eventpage/usp000j33b/executive
Alaska,6/24/2011,3:09:39,"Fox Island, Aleutians (AB01)",7.3,52,52.05,N,171.836,W,,https://earthquake.usgs.gov/earthquakes/eventpage/usp000j3mq/executive
New Zealand,7/6/2011,19:03:18,Kermadec Islands region,7.6,17,29.539,S,176.34,W,raul,M 7.6 - Kermadec Islands region (usgs.gov)
South Pacific,8/20/2011,16:55:02,Vanuatu ,7.2,32,18.365,S,168.143,E,,https://earthquake.usgs.gov/earthquakes/eventpage/usp000j6r4/executive
South Pacific,8/20/2011,18:19:23,Vanuatu ,7.1,28,18.311,S,168.218,E,,https://earthquake.usgs.gov/earthquakes/eventpage/usp000j6rj/executive
Cascadia,9/9/2011,19:41:34,Off Vancouver Island,6.4,22,49.535,N,126.893,W,,https://earthquake.usgs.gov/earthquakes/eventpage/usp000j7ur/executive
South America,1/23/2012,16:04:52,Chile (CONZ),6.1,20,36.409,S,73.03,W,,https://earthquake.usgs.gov/earthquakes/eventpage/usp000jdvv/executive
South Pacific,2/2/2012,13:34:40,Vanuatu,7.1,23,17.827,S,167.133,E,,https://earthquake.usgs.gov/earthquakes/eventpage/usp000jeag/executive
Mexico,3/20/2012,18:02:47,"6 km E of Santiago Llano Grande, Mexico",7.4,20,16.493,N,98.231,W,oax2,"M 7.4 - 6 km E of Santiago Llano Grande, Mexico (usgs.gov)"
South America,3/25/2012,22:37:06,"2012 Maule, Chile",7.1,40.7,35.2,S,72.217,W,,https://earthquake.usgs.gov/earthquakes/eventpage/usp000jgsw/executive
Sumatra,4/11/2012,8:38:36,2012 Indian Ocean,8.6,20,2.327,N,93.063,E,,https://earthquake.usgs.gov/earthquakes/eventpage/official20120411083836720_20/executive
Sumatra,4/11/2012,10:43:10,2012 Indian Ocean,8.2,25.1,0.802,N,92.463,E,,https://earthquake.usgs.gov/earthquakes/eventpage/usp000jhjb/executive
Mediterranean,5/20/2012,2:03:52,Northern Italy,6,6.3,44.89,N,11.23,E,,https://earthquake.usgs.gov/earthquakes/eventpage/usp000jkn8/executive
Hawaii,5/29/2012,,"Hawaii  (PGF4,NPIT,OKIT,PGF5,PGF1,PGF6,SLBU)",,,,,,,,No USGS Event for this (Volcanic Event)
Solomon Islands,7/25/2012,11:20:27,1 km E of Malango,6.4,20,9.694,S,159.727,E,solo,"M 6.4 - 1 km E of Malango, Solomon Islands (usgs.gov)"
California,8/26/2012,19:31:23,"Brawley Seismic Swarm, Imperial Valley",5.3,8.3,33.017,N,115.554,W,,https://earthquake.usgs.gov/earthquakes/eventpage/ci15199681/executive
California,8/26/2012,20:57:58,"Brawley Seismic Swarm, Imperial Valley",5.4,8.3,33.019,N,115.54,W,,https://earthquake.usgs.gov/earthquakes/eventpage/ci15200401/executive
Central America,8/27/2012,4:37:19,"126 km S of Puerto El Triunfo, El Salvador",7.3,28,12.139,N,88.59,W,,"M 7.3 - 126 km S of Puerto El Triunfo, El Salvador (usgs.gov)"
Central America,9/5/2012,14:42:07,"11 km ENE of Hojancha, Costa Rica",7.6,35,10.085,N,85.315,W,,"M 7.6 - 11 km ENE of Hojancha, Costa Rica (usgs.gov)"
California,10/21/2012,6:55:09,Central California,5.3,8.6,36.31,N,120.856,W,,https://earthquake.usgs.gov/earthquakes/eventpage/nc71863625/executive
Central America,10/24/2012,0:45:32,Costa Rica aftershock,6.5,17,10.086,N,85.298,W,,https://earthquake.usgs.gov/earthquakes/eventpage/usp000jucg/executive
Canada (West),10/28/2012,3:04:08,206 km SW of Prince Rupert,7.8,26.3,52.788,N,132.101,W,,"M 7.8 - 206 km SW of Prince Rupert, Canada (usgs.gov)"
Canada (West),10/28/2012,18:54:20,237 km SW of Prince Rupert,6.3,9,52.674,N,132.602,w,,"M 6.3 - 237 km SW of Prince Rupert, Canada (usgs.gov)"
Guatemala,11/7/2012,16:35:46,33 km S of Champerico,7.4,24,13.988,N,91.895,W,,https://earthquake.usgs.gov/earthquakes/eventpage/usp000jv5f/executi
Alaska,12/15/2012,4:49:29,83 km SE of Attu Station (AC60),6,26,52.291,N,174.011,E,,https://earthquake.usgs.gov/earthquakes/eventpage/usp000jwza/executive
Alaska (South),1/5/2013,8:58:14,"110 km SW of Edna Bay,",7.5,8.7,55.228,N,134.859,W,,https://earthquake.usgs.gov/earthquakes/eventpage/ak0138esnzr/executive
Kamchatka/Siberia,5/24/2013,5:44:48,2013 Okhotsk Sea earthquake,8.3,598.1,54.892,N,153.221,E,,https://earthquake.usgs.gov/earthquakes/eventpage/usb000h4jh/executive
New Zealand,7/21/2013,5:09:31,Seddon Cook Strait,6.5,17,41.704,S,174.337,E,,https://earthquake.usgs.gov/earthquakes/eventpage/usb000iivv/executive
New Zealand,8/16/2013,2:31:05,"SE of Blenheim, New Zealand",6.5,8.2,41.734,S,174.152,E,,https://earthquake.usgs.gov/earthquakes/eventpage/usb000j4iz/executive
Alaska,8/30/2013,16:25:02,101 km SW of Atka,7.1,29,51.537,N,175.23,W,,https://earthquake.usgs.gov/earthquakes/eventpage/usb000jdt7/executive
New Zealand,1/20/2014,2:52:44,35 km NNE of Masterton,6.1,28,40.66,S,175.814,E,,"M 6.1 - 35 km NNE of Masterton, New Zealand (usgs.gov)"
California,3/10/2014,5:18:13,Northern California offshore Ferndale,6.8,16.4,40.829,N,125.134,W,,https://earthquake.usgs.gov/earthquakes/eventpage/nc72182046/executive
California,3/30/2014,4:09:42,"La Habra, Norhwest Orange County",5.1,5.1,33.933,N,117.916,W,,https://earthquake.usgs.gov/earthquakes/eventpage/ci15481673/executive
South America,4/1/2014,23:46:47,"Iquique, Chile",8.2,25,19.61,S,70.769,W,,https://earthquake.usgs.gov/earthquakes/eventpage/usc000nzvd/executive
South America,4/3/2014,2:43:13,"Iquique, Chile, aftershock",7.7,22.4,20.571,S,70.493,W,,https://earthquake.usgs.gov/earthquakes/eventpage/usc000p27i/executive
Cascadia,4/24/2014,3:10:10,"South Point Hardy, Offshore Vancouver Island",6.5,120,49.639,N,127.732,W,,https://earthquake.usgs.gov/earthquakes/eventpage/usb000px6r/executive
Mediterranean,5/24/2014,9:25:02,"Aegean Sea, Greece",6.9,6.4,40.289,N,25.389,E,,https://earthquake.usgs.gov/earthquakes/eventpage/usb000r2hc/executive
New Zealand,6/23/2014,19:19:15,Kermadec Islands region,6.9,20,29.977,S,177.725,W,,"M 6.9 - Kermadec Islands, New Zealand (usgs.gov)"
Alaska,6/23/2014,20:53:09,Aleutian Islands (Rat Islands),7.9,109,51.849,N,178.735,E,,https://earthquake.usgs.gov/earthquakes/eventpage/usc000rki5/executive
Mexico,7/7/2014,11:23:54,4 km W of Puerto Madero,6.9,53,14.724,N,92.461,W,mtp1,"M 6.9 - 4 km W of Puerto Madero, Mexico (usgs.gov)"
Alaska,7/25/2014,10:54:50,"72 km W of Gustavus, Alaska",6,10,58.335,N,136.971,W,,https://earthquake.usgs.gov/earthquakes/eventpage/ak0149guzic1/executive
California,8/24/2014,10:20:44,South Napa,6,11.1,38.215,N,122.312,W,,https://earthquake.usgs.gov/earthquakes/eventpage/nc72282711/executive
Japan,5/12/2015,21:12:58,SE of Ofunato,6.8,35,38.906,N,142.032,E,,https://earthquake.usgs.gov/earthquakes/eventpage/us20002et4/executive
Alaska,5/29/2015,7:00:09,"SSE of Ugashik, Alaska",6.8,72.6,56.594,N,156.43,W,,https://earthquake.usgs.gov/earthquakes/eventpage/ak0156uj8rk3/executive
Alaska,7/27/2015,4:49:46,"73 km SSW of Nikolski, Alaska",6.8,29,52.376,N,169.446,W,,https://earthquake.usgs.gov/earthquakes/eventpage/us200030aq/executive
South America,9/16/2015,22:54:32,"Illapel, Chile (tsunami)",8.3,22.4,31.573,S,71.674,W,,https://earthquake.usgs.gov/earthquakes/eventpage/us20003k7a/executive
Hawaii,10/16/2015,,Slow slip event?,,,,,,,,No USGS event for this (Volcanic Event?)
South America,11/11/2015,1:54:38,"NW of Coquimbo, Chile",6.9,12,29.507,S,72.007,W,,https://earthquake.usgs.gov/earthquakes/eventpage/us10003x8t/executive
South America,11/11/2015,2:46:19,"NW of Coquimbo, Chile",6.9,10,29.51,S,72.059,W,,https://earthquake.usgs.gov/earthquakes/eventpage/us10003x9g/executive
Alaska,1/24/2016,10:30:29,"Old Iliamna, ESE of Pedro Bay, Alaska",7.1,125.6,59.62,N,153.339,W,,https://earthquake.usgs.gov/earthquakes/eventpage/ak01613v15nv/executive
Kamchatka/Siberia,1/30/2016,3:25:12,80 km South of Mil'kova,7.2,177,53.978,N,158.546,E,,https://earthquake.usgs.gov/earthquakes/eventpage/us20004vvx/executive
Taiwan,2/5/2016,19:57:27,25 Km SE of Yujing,6.4,23,22.938,N,120.601,E,,https://earthquake.usgs.gov/earthquakes/eventpage/us20004y6h/executive
Indonesia (Sumatra),3/2/2016,12:49:48,"southwest of Sumatra, Indonesia",7.8,24,4.952,S,94.33,E,sgoc,"M 7.8 - southwest of Sumatra, Indonesia (usgs.gov)"
Alaska,3/12/2016,18:06:44,72 km SSE of Atka,6.3,19,51.565,N,173.942,W,,https://earthquake.usgs.gov/earthquakes/eventpage/us10004x1w/executive
Japan,4/14/2016,12:26:35,"Foreshock, Kumamoto-shi, Kyushu, Japan",6.2,9,32.788,N,130.704,E,,https://earthquake.usgs.gov/earthquakes/eventpage/us20005hzn/executive
Japan,4/15/2016,16:25:06,"Kumamoto-shi, Kyushu, Japan",7,10,32.791,N,130.754,E,,https://earthquake.usgs.gov/earthquakes/eventpage/us20005iis/executive
Ecuador,4/16/2016,23:58:36,27 km SSE of Muisne,7.8,20.6,0.382,N,79.922,W,,https://earthquake.usgs.gov/earthquakes/eventpage/us20005j32/executive
Ecuador,5/18/2016,16:46:43,24 km NW of Rosa Zarate,6.9,30,0.495,N,79.616,W,,"M 6.9 - 24 km NW of Rosa Zarate, Ecuador (usgs.gov)"
Central America,6/10/2016,3:25:22,Nicaragua,6.1,10,12.832,N,86.963,W,scw2,M 6.1 - Nicaragua (usgs.gov)
Mediterranean,8/24/2016,1:36:32,Central Italy,6.2,4.4,42.723,N,13.188,E,,https://earthquake.usgs.gov/earthquakes/eventpage/us10006g7d/executive
New Zealand,9/1/2016,16:37:57,175 km NE of Gisborne,7,19,37.359,S,179.146,E,,https://earthquake.usgs.gov/earthquakes/eventpage/us10006jbi/executive
Macquarie Island,9/8/2016,21:46:20,Macquarie Island Region (MAC1),6.1,10,54.614,S,158.713,E,,https://earthquake.usgs.gov/earthquakes/eventpage/us10006n6r/executive
Nicaragua,9/15/2016,5:57:24,11 km NNE of La Paz Centro,5.7,10,12.44,N,86.642,W,mom0,"M 5.7 - 11 km NNE of La Paz Centro, Nicaragua (usgs.gov)"
Italy,10/30/2016,6:40:18,5 km ESE of Preci (UNPG),6.6,5,42.862,N,13.096,E,,https://earthquake.usgs.gov/earthquakes/eventpage/us1000731j/executive
New Zealand,11/13/2016,11:02:56,"Kaikoura, 53 km NNE of Amberley",7.8,15.1,42.737,S,173.054,E,,https://earthquake.usgs.gov/earthquakes/eventpage/us1000778i/executive
New Zealand,11/14/2016,0:34:22,"74 Km NE of Amberley (CHTI, MAHO)",6.5,9,42.606,S,173.254,E,,https://earthquake.usgs.gov/earthquakes/eventpage/us100077hw/executive
Solomon Islands,12/8/2016,17:38:46,69 Km WSW of Kirakira,7.8,40,10.681,S,161.327,E,,https://earthquake.usgs.gov/earthquakes/eventpage/us20007z80/executive
South America,12/25/2016,14:22:27,Chile,7.6,38,43.406,S,73.941,W,,https://earthquake.usgs.gov/earthquakes/eventpage/us10007mn3/executive
California,12/28/2016,8:18:00,NE of Mono Lake,5.6,11.3,38.376,N,118.899,W,,https://earthquake.usgs.gov/earthquakes/eventpage/nn00570709/executive
California,12/28/2016,8:22:12,NE of Mono Lake,5.6,12.2,38.39,N,118.897,W,,https://earthquake.usgs.gov/earthquakes/eventpage/nn00570710/executive
Japan,1/13/2017,4:23:21,East of the Kuril Islands,7.1,10,46.243,N,154.524,E,pets,M 8.1 - east of the Kuril Islands (usgs.gov)
Philippines (not sure),4/28/2017,20:23:17,31km SW of Burias,6.9,26,5.504,N,125.066,E,,https://earthquake.usgs.gov/earthquakes/eventpage/us10008ls4/executive
Russia,7/17/2017,23:34:33,"Kormandorskiye, Ostrova (AC60)",7.7,10,54.443,N,168.857,E,,https://earthquake.usgs.gov/earthquakes/eventpage/us20009x42/executive
Mexico,9/8/2017,4:49:19,"near the coast of Chiapas, Mexico",8.2,47.4,15.022,N,93.899,W,,"M 8.2 - near the coast of Chiapas, Mexico (usgs.gov)"
Central America,11/13/2017,2:28:23,"18 km W of Parrita, Costa Rica",6.5,19.4,9.515,N,84.487,W,,https://earthquake.usgs.gov/earthquakes/eventpage/us2000bmhe/executive
Caribbean,1/10/2018,2:51:33,"203 km NNE of Barra Patuca, Honduras",7.5,19,17.483,N,83.52,W,cn12,"M 7.5 - 203 km NNE of Barra Patuca, Honduras (usgs.gov)"
Alaska,1/23/2018,9:31:40,Gulf of Alaska,7.9,10,56.004,N,149.166,W,,https://earthquake.usgs.gov/earthquakes/eventpage/us2000cmy3/executive
Mexico,2/16/2018,23:39:39,4 km S of Pinotepa de Don Luis,7.2,22,16.386,N,97.979,W,oax2,"M 7.2 - 4 km S of Pinotepa de Don Luis, Mexico (usgs.gov)"
Hawaii,5/3/2018,22:32:54,Hawaii Eastern rift zone - Kilauea eruption,6.9,5.8,19.318,N,155,W,,https://earthquake.usgs.gov/earthquakes/eventpage/hv70116556/executive
South Pacific,8/19/2018,0:19:40,Fiji,8.2,600,18.113,S,178.153,W,,https://earthquake.usgs.gov/earthquakes/eventpage/us1000gcii/executive
Caribbean,11/25/2018,3:40:50,36 km SE of Mountain Columbia - CN35,6,10,13.182,N,81.093,W,,https://earthquake.usgs.gov/earthquakes/eventpage/us1000hwaj/executive
Alaska,11/30/2018,17:29:29,Anchorage,7.1,46.7,61.346,N,149.955,W,,https://earthquake.usgs.gov/earthquakes/eventpage/ak018fcnsk91/executive
Japan,1/8/2019,12:29:30,16 km SSE of Nishinoomote,6.3,35,30.587,N,131.044,E,,https://earthquake.usgs.gov/earthquakes/eventpage/us2000j1d4/executive
Alaska - Aleutians,4/2/2019,21:35:30,Rat Islands,6.4,8,52.17,N,178.071,E,ac66,"M 6.4 - Rat Islands, Aleutian Islands, Alaska (usgs.gov)"
Peru,5/26/2019,7:41:15,78 km NE of Navarro,8,122.5,5.812,S,75.27,W,esmr??,"M 8.0 - 78 km NE of Navarro, Peru"
Japan,6/19/2019,13:22:19,M 6.4 - 31 km WSW of Tsuruoka,6.4,12,38.639,N,139.477,E,g105,"M 6.4 - 31 km WSW of Tsuruoka, Japan (usgs.gov)"
California,7/4/2019,17:33:49,"Searles Valley, near Ridgecrest",6.4,10.5,35.705,N,117.504,W,,https://earthquake.usgs.gov/earthquakes/eventpage/ci38443183/executive
California,7/6/2019,3:19:53,"Searles Valley, near Ridgecrest",7.1,8,35.77,N,117.599,W,,https://earthquake.usgs.gov/earthquakes/eventpage/ci38457511/executive
Philippines (not sure),12/15/2019,6:11:25,7 km N of Magsaysay,6.8,18,6.697,N,125.174,E,,https://earthquake.usgs.gov/earthquakes/eventpage/us60006rp9/executive
Puerto Rico,1/7/2020,8:24:25,13 km SSE Maria Antonia,6.4,8.95,17.869,N,66.827,W,,https://earthquake.usgs.gov/earthquakes/eventpage/us70006vll/executive
Central America,1/28/2020,19:10:24,"NNW of Lucea, Jamaica",7.7,14.9,19.419,N,78.756,W,,https://earthquake.usgs.gov/earthquakes/eventpage/us60007idc/executive
Utah,3/18/2020,13:09:31,"Magna, Utah",5.7,11.9,40.751,N,112.078,W,,https://earthquake.usgs.gov/earthquakes/eventpage/uu60363602/executive
Idaho,3/31/2020,23:52:30,Stanley,6.5,12.06,44.465,N,115.118,W,,https://earthquake.usgs.gov/earthquakes/eventpage/us70008jr5/executive
Nevada,5/15/2020,11:03:27,"Monte Christo Range, Nevada",6.5,2.7,38.169,N,117.85,W,,https://earthquake.usgs.gov/earthquakes/eventpage/nn00725272/executive
Mexico,6/23/2020,15:29:04,9 km SE of Santa María Xadani,7.4,20,15.886,N,96.008,W,oax2,"M 7.4 - 9 km SE of Santa María Xadani, Mexico (usgs.gov)"
Alaska,7/22/2020,6:12:44,SSE Perryville,7.8,28,55.072,N,158.596,W,,https://earthquake.usgs.gov/earthquakes/eventpage/us7000asvb/executive
California,10/1/2020,0:31:27,"Westmoreland, Southern California",4.9,14.2,33.055,N,115.591,W,,https://earthquake.usgs.gov/earthquakes/eventpage/ci39641528/executive
Alaska,10/19/2020,20:54:38,"97 km SE of Sand Point, Alaska",7.6,28.4,54.602,N,159.626,W,,https://earthquake.usgs.gov/earthquakes/eventpage/us6000c9hg/executive
Mediterranean,10/30/2020,11:51:27,"15 km NNE of Néon Karlovásion, Greece",7,21,37.897,N,26.784,E,,https://earthquake.usgs.gov/earthquakes/eventpage/us7000c7y0/executive
Alaska,12/1/2020,5:19:00,Aleutians (Unnamed),6.4,23,52.755,N,168.24,W,,https://earthquake.usgs.gov/earthquakes/eventpage/us7000clnv/executive
Vanuatu,2/10/2021,13:19:55,southeast of the Loyalty Islands,7.7,10,23.051,S,171.657,E,ptvl,M 7.7 - southeast of the Loyalty Islands (usgs.gov)
New Zealand,3/4/2021,13:27:34,182 km NE of Gisborne,7.3,10,37.479,S,179.458,E,,https://earthquake.usgs.gov/earthquakes/eventpage/us7000dffl/executive
New Zealand,3/4/2021,17:41:23,Kermadec Islands,7.4,43,29.677,S,177.84,W,,https://earthquake.usgs.gov/earthquakes/eventpage/us7000dfk3/executive
New Zealand,3/4/2021,19:28:33,Kermadec Islands,8.1,28.9,29.723,S,177.279,W,,https://earthquake.usgs.gov/earthquakes/eventpage/us7000dflf/executive
Panama,5/13/2021,9:42:12,154 km SSE of Punta de Burica,6.1,10,6.714,N,82.415,W,,"M 6.1 - 154 km SSE of Punta de Burica, Panama (usgs.gov)"
California,6/5/2021,17:55:58,11km W of Calipatria (earthquake swarm),5.3,5.8,33.14,N,115.635,W,,"M 5.3 - 11km W of Calipatria, CA (usgs.gov)"
Panama,7/21/2021,21:15:12,M 6.7 - 71 km S of Burica,6.7,10,7.393,N,82.779,W,ptpp,"M 6.7 - 71 km S of Burica, Panama (usgs.gov)"
California,7/21/2021,22:49:48,Antelope Valley,6,7.45,38.508,N,119.5,W,,https://earthquake.usgs.gov/earthquakes/eventpage/nc73584926/executive
Alaska,7/29/2021,6:15:49,"91.3 km (56.6 mi) ESE of Perryville, Alaska",8.2,35,55.364,N,157.888,W,,https://earthquake.usgs.gov/earthquakes/eventpage/ak0219neiszm/executive
Sandwich Islands,8/12/2021,18:35:17,South Sandwich Islands region,8.1,22.8,58.375,S,25.264,W,kepa,M 8.1 - South Sandwich Islands region (usgs.gov)
California,12/21/2021,20:10:31,7 km N of Petrolia,6.2,27.04,40.39,N,124.298,W,,https://earthquake.usgs.gov/earthquakes/eventpage/nc73666231/executive
Alaska (Aleutians),1/11/2022,12:39:32,"53 km SE of Nikolski, Alaska",6.6,19,52.579,N,168.328,W,,https://earthquake.usgs.gov/earthquakes/eventpage/us7000gawk/
Philippines,3/13/2022,21:05:49,76 km WNW of Cabra,6.4,11,14.086,N,119.373,E,,https://earthquake.usgs.gov/earthquakes/eventpage/us6000h48d/executive
Indonesia (Sumatra),3/13/2022,21:09:22,165 km W of Pariaman,6.7,28,0.63,S,98.63,E,,https://earthquake.usgs.gov/earthquakes/eventpage/us6000h48e/executive
Japan,3/16/2022,14:36:33,59 km ENE of Namie,7.3,59.9,37.73,N,141.595,E,,https://earthquake.usgs.gov/earthquakes/eventpage/us6000h519/executive
Nicaragua,4/21/2022,7:42:46,"58 km WSW of Masachapa, Nicaragua",6.7,25.3,11.554,N,86.992,W,,https://earthquake.usgs.gov/earthquakes/eventpage/us6000hf75/executive
Macquarie Island,5/19/2022,10:13:03,No Name (NE Macquarie Island),6.9,10,54.132,S,159.055,E,,
Papua New Guinea,9/10/2022,23:47:00,70 km E of Kainantu,7.6,116,6.294,S,146.504,E,lae1,"M 7.6 - 70 km E of Kainantu, Papua New Guinea (usgs.gov)"
Mexico,9/19/2022,18:05:06,"35 km SW of Aguililla, Mexico",7.6,16.2,18.483,N,103,W,no stations affected?,"M 7.6 - 35 km SW of Aguililla, Mexico (usgs.gov)"
Mexico,9/22/2022,6:16:09,Michoacan,6.8,24.1,18.308,N,102.923,W,no stations affected?,"M 6.8 - Michoacan, Mexico (usgs.gov)"
Panama,10/20/2022,11:57:12,60 km SSW of Boca Chica,6.7,20,7.69,N,82.334,W,ptpp?,"M 6.7 - 60 km SSW of Boca Chica, Panama (usgs.gov)"
Solomon Islands,11/22/2022,2:03:06,18 km SW of Malango,7,14,9.82,S,159.603,E,solo,"M 7.0 - 18 km SW of Malango, Solomon Islands (usgs.gov)"
New Zealand,11/30/2022,10:47:59,21 km southwest of Taupo ,5.3,4.529,38.818,S,175.913,E,caused landslide and small tsunami at Taupo lake - volcano; affected atTGHO and TGOH,"M 5.3 - 21 km SW of Taupo, New Zealand (usgs.gov)"
California,12/20/2022,10:34:24,"15km WSW of Ferndale, CA",6.4,17.9,40.525,N,124.423,W,,"M 6.4 - 15km WSW of Ferndale, CA (usgs.gov)"
Turkey,2/6/2023,1:17:34,"Pazarcik earthquake, Kahramanmaras earthquake sequence",7.8,10,37.226,N,7.014,E,,"M 7.8 - Pazarcik earthquake, Kahramanmaras earthquake sequence (usgs.gov)"
Turkey,2/6/2023,10:24:48,"Elbistan earthquake, Kahramanmaras earthquake sequence",7.5,7.4,38.011,N,37.196,E,,"M 7.5 - Elbistan earthquake, Kahramanmaras earthquake sequence (usgs.gov)"
New Zealand,4/24/2023,0:41:55,Kermadec Islands,7.1,46.8,29.957,S,177.839,W,raul,"M 7.1 - Kermadec Islands, New Zealand (usgs.gov)"
Alaska,7/16/2023,6:48:21,106 km S of Sand Point,7.2,25,54.393,N,160.762,W,ab07,"M 7.2 - 106 km S of Sand Point, Alaska (usgs.gov)"
Morocco,9/8/2023,22:11:02,Morocco,6.8,26.3,31.07,N,8.382,E,rabt?,M 6.8 - Morocco (usgs.gov)
Phillipines,11/17/2023,8:14:11,29 km SW of Kablalan,6.7,64.2,5.583,N,125.022,E,pgen,"M 6.7 - 29 km SW of Kablalan, Philippines (usgs.gov)"
Phillipines,12/2/2023,14:37:03,Mindanao,7.6,32.8,8.527,N,126.449,E,,"M 7.6 - Mindanao, Philippines (usgs.gov)"
Japan,1/1/2024,7:10:09,Noto Peninsula,7.5,10,37.487,N,137.271,E,,"M 7.5 - 2024 Noto Peninsula, Japan Earthquake (usgs.gov)"
Taiwan,4/2/2024,23:58:12,15 km S of Hualien City,7.4,40,23.836,N,121.598,E,tcms,"M 7.4 - 15 km S of Hualien City, Taiwan (usgs.gov)"
Japan,8/8/2024,7:42:55,Hyuganada Sea,7.1,25,31.719,N,131.527,E,aira,"M 7.1 - 2024 Hyuganada Sea, Japan Earthquake (usgs.gov)"
China,1/22/2024,18:09:04,128 km WNW of Aykol,7,13,41.256,N,78.654,E,kmtr,"M 7.0 - 128 km WNW of Aykol, China (usgs.gov)"
Cuba,11/10/2024,15:15:02,35 km S of Bartolomé Masó,5.9,14.2,19.852,N,76.89,W,,"M 5.9 - 35 km S of Bartolomé Masó, Cuba"
Cuba,11/10/2024,16:49:50,40 km SSW of Bartolomé Masó,6.8,14,19.812,N,77.039,W,scub,"M 6.8 - 40 km SSW of Bartolomé Masó, Cuba"
California,12/5/2024,18:44:21,Offshore Cape Mendocino,7,10,40.374,N,125.022,W,,"M 7.0 - 2024 Offshore Cape Mendocino, California Earthquake"
Andreanof Island (Aleutians),12/8/2024,19:57:08,"113 km SSW of Adak, Alaska",6.3,18,50.952,N,177.338,W,ab21,"M 6.3 - 113 km SSW of Adak, Alaska"
Andreanof Island (Aleutians),12/9/2024,0:15:31,"103 km SSW of Adak, Alaska",6.3,19,51.007,N,177.155,W,ab21,"M 6.3 - 103 km SSW of Adak, Alaska"
Vanuatu,12/17/2024,1:47:26,30 km W of Port-Vila,7.3,57.1,17.686,S,168.034,E,ptvl?,"M 7.3 - 30 km W of Port-Vila, Vanuatu"
Cayman Islands,2/8/2025,23:23:14,"209 km SSW of George Town, Cayman Islands",7.6,10.1,17.702,N,82.45,W,,"M 7.6 - 209 km SSW of George Town, Cayman Islands"
New Zealand,3/25/2025,1:43:12,164 km WSW of Riverton,6.7,21,46.708,S,165.933,E,,"M 6.7 - 164 km WSW of Riverton, New Zealand"
Myanmar (Burma),3/28/2025,6:20:52,Mandalay mainshock,7.7,10,21.996,N,95.926,E,,"M 7.7 - 2025 Mandalay, Burma (Myanmar) Earthquake"
Myanmar (Burma),3/28/2025,6:32:04,Mandalay aftershock,6.7,10,21.698,N,95.969,E,"cmum,cusv",M 6.7 - Burma (Myanmar)
Tonga,3/30/2025,12:18:47,73 km SE of Pangai,7,29,20.329,S,173.907,W,,"M 7.0 - 73 km SE of Pangai, Tonga"
Alaska,7/16/2025,20:37:39,2025 Sand Point,7.3,20.1,54.549,N,160.47,W,,"M 7.3 - 2025 Sand Point, Alaska Earthquake"
Alaska,7/20/2025,22:28:00,93 km SSE of Sand Point,6.2,40,54.604,N,159.824,W,,"M 6.2 - 92 km SSE of Sand Point, Alaska"
Russia,7/29/2025,23:24:52,Kamchatka Peninsula,8.8,35,52.512,N,160.324,E,,"M 8.8 - 2025 Kamchatka Peninsula, Russia Earthquake"
